<Load xmlns="http://schemas.microsoft.com/analysisservices/2003/engine" xmlns:ddl2="http://schemas.microsoft.com/analysisservices/2003/engine/2" xmlns:ddl2_2="http://schemas.microsoft.com/analysisservices/2003/engine/2/2" xmlns:ddl100="http://schemas.microsoft.com/analysisservices/2008/engine/100" xmlns:ddl100_100="http://schemas.microsoft.com/analysisservices/2008/engine/100/100" xmlns:ddl200="http://schemas.microsoft.com/analysisservices/2010/engine/200" xmlns:ddl200_200="http://schemas.microsoft.com/analysisservices/2010/engine/200/200" xmlns:ddl300="http://schemas.microsoft.com/analysisservices/2011/engine/300" xmlns:ddl300_300="http://schemas.microsoft.com/analysisservices/2011/engine/300/300" xmlns:ddl400="http://schemas.microsoft.com/analysisservices/2012/engine/400" xmlns:ddl400_400="http://schemas.microsoft.com/analysisservices/2012/engine/400/400" xmlns:ddl410="http://schemas.microsoft.com/analysisservices/2012/engine/410" xmlns:ddl410_410="http://schemas.microsoft.com/analysisservices/2012/engine/410/410" xmlns:ddl500="http://schemas.microsoft.com/analysisservices/2013/engine/500" xmlns:ddl500_500="http://schemas.microsoft.com/analysisservices/2013/engine/500/500" xmlns:xsd="http://www.w3.org/2001/XMLSchema" xmlns:xsi="http://www.w3.org/2001/XMLSchema-instance"><ObjectDefinition><Database><Name>MealDemand_SSAS</Name><ID>MealDemand_SSAS</ID><CreatedTimestamp>2021-06-22T11:21:39.87</CreatedTimestamp><LastSchemaUpdate>2021-06-24T01:35:55.316667</LastSchemaUpdate><ObjectVersion>13</ObjectVersion><ObjectID>2036637A-CA4C-4F3D-86C7-FEBCAF496381</ObjectID><Ordinal>1</Ordinal><PersistLocation>0</PersistLocation><System>false</System><DataFileList>0.CryptKey.bin</DataFileList><Description/><LastProcessed>2021-06-24T01:36:05.393333</LastProcessed><AggregationPrefix/><Language>1033</Language><Collation>Latin1_General_CI_AS</Collation><Visible>true</Visible><MasterDataSourceID/><ProcessingPriority>0</ProcessingPriority><ddl200:CompatibilityLevel>1100</ddl200:CompatibilityLevel><Translations/><DataSourceImpersonationInfo><ImpersonationMode>Default</ImpersonationMode><Account/><Password>CAAAAAIAAPjwOLcgrwFoT09XxJJNRFEl 
</Password></DataSourceImpersonationInfo><DataVersion>0</DataVersion></Database></ObjectDefinition></Load>